[{"model": "admin.logentry", "pk": 1, "fields": {"action_time": "2026-05-27T10:48:57.046Z", "user": 16, "content_type": 9, "object_id": "69", "object_repr": "1 (Class 7)", "action_flag": 1, "change_message": "[{\"added\": {}}]"}}, {"model": "admin.logentry", "pk": 2, "fields": {"action_time": "2026-05-27T10:49:22.739Z", "user": 16, "content_type": 9, "object_id": "70", "object_repr": "2 (Class 2)", "action_flag": 1, "change_message": "[{\"added\": {}}]"}}, {"model": "admin.logentry", "pk": 3, "fields": {"action_time": "2026-05-27T10:49:43.843Z", "user": 16, "content_type": 9, "object_id": "71", "object_repr": "3 (Class 3)", "action_flag": 1, "change_message": "[{\"added\": {}}]"}}, {"model": "sessions.session", "pk": "12lcs6umfqtfh68sr8tzndr9rdhvbgqa", "fields": {"session_data": "eyJfcGFzc3dvcmRfcmVzZXRfdG9rZW4iOiJkN3NueGgtMzNjNGQxYzE0YzQ3YzJhZDM3MjMxNGUyMDYzNzk2ODIifQ:1wHxxV:hqe4Ep-Yi-RYB_PNHrvGimFFdTe7kK9uIgyT9lqfnx0", "expire_date": "2026-05-13T05:59:41.565Z"}}, {"model": "sessions.session", "pk": "1sw12g4g82hpmick1ywh0irlm0jpcswu", "fields": {"session_data": ".eJxVjMsOwiAQRf-FtSEBhpdL934DGRhGqoYmpV0Z_12bdKHbe865L5FwW1vaRl3SROIslBOn3zFjedS-E7pjv82yzH1dpix3RR50yOtM9Xk53L-DhqN9a2sCEuXAxSlgUtGChmJNZctOBfZoVEHmSAyZbbQajPHaaIrotQbx_gAc0DgY:1wRoTY:dLJxF4zjEYba4LyzEslDeV6OSgF-rKyw1ruDume-FJk", "expire_date": "2026-06-09T09:53:28.568Z"}}, {"model": "sessions.session", "pk": "2y4b46lq65ffvp06rxucs3fp6ljf6cys", "fields": {"session_data": "eyJfcGFzc3dvcmRfcmVzZXRfdG9rZW4iOiJkN3NueWMtMzI0MjJhNmY4OTFmNDk1YWVkMTM3ODNjMWE3MTNkOWIifQ:1wHxy0:OKTIKM5cOd33PbllTjMVzrdEweZIBtPNQX9kqHrTI-0", "expire_date": "2026-05-13T06:00:12.543Z"}}, {"model": "sessions.session", "pk": "3ugvld1kmv6203rq34oyg62n50y703pp", "fields": {"session_data": ".eJxVjDsOwjAQBe_iGln-x0tJzxks73qDA8iR4qRC3B0ipYD2zcx7iZS3taat85KmIs7CWHH6HTHTg9tOyj232yxpbusyodwVedAur3Ph5-Vw_w5q7vVbg0ayxbM3PqIlHCzZUbvgGcENDGwU2AiMThEoo3NwOpCm4CiOShXx_gD_wzek:1wR6Sw:E9Vz_7MypKs1LoYu0J-qyMOHxGAjNuRwCkt1QbO_naY", "expire_date": "2026-06-07T10:53:54.865Z"}}, {"model": "sessions.session", "pk": "418vauhnqqodq8m63uxufmcnn3v8o607", "fields": {"session_data": "eyJfcGFzc3dvcmRfcmVzZXRfdG9rZW4iOiJkN3NudzYtZDAxZGUzNjQ0OWI3OGNiYWUzNmIyZTBmMGU1OWE1MGIifQ:1wHxwk:jOZULS2eytJOfmpaY0s00MEjyJJVhnmqBIzRZJQ0et4", "expire_date": "2026-05-13T05:58:54.322Z"}}, {"model": "sessions.session", "pk": "68ji0ow652j8den79vj9crl5womvg1ue", "fields": {"session_data": "eyJfcGFzc3dvcmRfcmVzZXRfdG9rZW4iOiJkN3Nud3MtYzBjMjA4ZTViZWQ1ZTdlODc0NGM3ZmRhODVjOWFjYzAifQ:1wHxx6:ERVO12YY1VQjBKc1bj7AxiCi6uV_SrUBHzdh2LuHTco", "expire_date": "2026-05-13T05:59:16.469Z"}}, {"model": "sessions.session", "pk": "c8lbg4p27d43jzmi99y9v79ungutcm76", "fields": {"session_data": ".eJxVjMsOwiAQRf-FtSEwQJ26dN9vIMNjpGogKe3K-O_apAvd3nPOfQlP21r81vPi5yQuApw4_Y6B4iPXnaQ71VuTsdV1mYPcFXnQLqeW8vN6uH8HhXr51mwQAeyZyLEdUEd0GEalojFaA4eEjJEcsNJIxJYJrGJQScWBAEbx_gD10jfD:1wRP4l:RCiPHpcTNgy-o9ps3GpNhjyWdgPcJIlX5XgWh86QwCs", "expire_date": "2026-06-08T06:46:11.229Z"}}, {"model": "sessions.session", "pk": "csf6sz5eos9khzcyj61omdz7jvfq520g", "fields": {"session_data": ".eJxVjMsOwiAQRf-FtSEBhpdL934DGRhGqoYmpV0Z_12bdKHbe865L5FwW1vaRl3SROIslBOn3zFjedS-E7pjv82yzH1dpix3RR50yOtM9Xk53L-DhqN9a2sCEuXAxSlgUtGChmJNZctOBfZoVEHmSAyZbbQajPHaaIrotQbx_gAc0DgY:1wRq4h:kM-clO550JKTe-axewdN3gqsXFBevXAiDCx4CDEkoiA", "expire_date": "2026-06-09T11:35:55.854Z"}}, {"model": "sessions.session", "pk": "d1pcwxq1bhfsiiycuzs7h0b6576wfg05", "fields": {"session_data": ".eJxVjDsOwyAQRO9CHSFgEZ-U6XMGtLAQnEQgGbuycvfYkoukmWLem9lYwHWpYR15DhOxK1PALr9lxPTK7SD0xPboPPW2zFPkh8JPOvi9U37fTvfvoOKo-xqVVoTFOBCGYlIOHJbswJMC7aPdw9pcyACKGLWWRfkkNFnnyUuZ2OcLB8M34w:1wPYcU:fd6Yh5pPNSxhl7qJiWS3LIccTZe2tixEDIuAnrsvNBY", "expire_date": "2026-06-03T04:33:22.997Z"}}, {"model": "sessions.session", "pk": "dzeh697ty8xcj3uua8rwvo9xf904cajv", "fields": {"session_data": ".eJxVjLsOwjAMAP_FM4oIrpu0IzvfENmOQwqolfqYEP-OKnWA9e50b0i8rTVti81pyNCDJzj9QmF92rib_ODxPjmdxnUexO2JO-ziblO21_Vo_waVlwo9RGkjSqHCQqrBq6qcQ2y6TKW7dOQtN2jRCnpGC9IGZGwwWBEkVILPFymOOKY:1wI167:MyJZF9WKGQxAVEDe0sDJ3nOLHfo0vj8cUPGE9A3yOPc", "expire_date": "2026-05-13T09:20:47.420Z"}}, {"model": "sessions.session", "pk": "f7hp7cphmioek8fhl648xlc5ka7ge7ow", "fields": {"session_data": "eyJfcGFzc3dvcmRfcmVzZXRfdG9rZW4iOiJkN3NueXgtNWZhOWNmMmE4MDQ0NzNmZTZhNjZmMDc2MDc1YWVhNjEifQ:1wHxyL:ASVZPTFurtaMxYZkIfF5Q-BKYDzg731aGxWI1PPTGoY", "expire_date": "2026-05-13T06:00:33.974Z"}}, {"model": "sessions.session", "pk": "i1gfzzmwp86bfathkycurpnx2x0iy5ru", "fields": {"session_data": ".eJxVjDsOwjAQBe_iGln-x0tJzxks73qDA8iR4qRC3B0ipYD2zcx7iZS3taat85KmIs7CWHH6HTHTg9tOyj232yxpbusyodwVedAur3Ph5-Vw_w5q7vVbg0ayxbM3PqIlHCzZUbvgGcENDGwU2AiMThEoo3NwOpCm4CiOShXx_gD_wzek:1wR6Mv:buyH5YQzDr1Vifspnz6soo2xDBw0ojwS5f7sC5R0qQ0", "expire_date": "2026-06-07T10:47:41.891Z"}}, {"model": "sessions.session", "pk": "jctz2uzihag85lo54nkuu375yds343cj", "fields": {"session_data": "eyJfcGFzc3dvcmRfcmVzZXRfdG9rZW4iOiJkN3NuenYtZTg0NTI1OTczZDlmMWYzYTljMDg3MTI2NzIyMDdiZWMifQ:1wHxyt:E93Xfu9PZZ4QTXDjk1PeY-iO8xpW-WngHRZ0UcEpUJA", "expire_date": "2026-05-13T06:01:07.938Z"}}, {"model": "sessions.session", "pk": "jmb7xj8n7wrdhhr4zvcjlc39jo415vr8", "fields": {"session_data": ".eJxVjMsOwiAQRf-FtSEMb1y69xvIwIBUDU1KuzL-uzbpQrf3nHNfLOK2triNssSJ2JkBO_1uCfOj9B3QHftt5nnu6zIlviv8oINfZyrPy-H-HTQc7VujsgEViuxR2gzJeiGsrKpqH4SGYEhpJwqBBukxOBfI2EqARpaKPrH3B8JXN0A:1wPFIt:GQna1Tit7vuC8LqoTN7akVR-4IQWqrDmdjpK9x6oVkY", "expire_date": "2026-06-02T07:55:51.388Z"}}, {"model": "sessions.session", "pk": "k5ey6gd6oh4gb57wdyxmzlqnog4mgb50", "fields": {"session_data": "eyJfcGFzc3dvcmRfcmVzZXRfdG9rZW4iOiJkN3NubWUtZDBjNGU0NmRlYjdhMzE2ZjE3NWE2OTk1OWQyYjdmNTEifQ:1wHxsk:HC9cIiJAigLUF31PGbgFFgRKleUugGU0gmWjQRR0KXk", "expire_date": "2026-05-13T05:54:46.546Z"}}, {"model": "sessions.session", "pk": "k88dbxaaopneqvpnx8o2afmmb3wrnjsm", "fields": {"session_data": ".eJxVjMsOwiAQRf-FtSEBhpdL934DGRhGqoYmpV0Z_12bdKHbe865L5FwW1vaRl3SROIslBOn3zFjedS-E7pjv82yzH1dpix3RR50yOtM9Xk53L-DhqN9a2sCEuXAxSlgUtGChmJNZctOBfZoVEHmSAyZbbQajPHaaIrotQbx_gAc0DgY:1wRkqf:ae8doNTHRr-ciNEkcUJCaRoFmSPiwPpXxYEdSX-q-i8", "expire_date": "2026-06-09T06:01:05.745Z"}}, {"model": "sessions.session", "pk": "l242tc6sp8ue1133gtpy6abyrsg7ingv", "fields": {"session_data": ".eJxVjDsOwjAQBe_iGln-x0tJzxks73qDA8iR4qRC3B0ipYD2zcx7iZS3taat85KmIs7CWHH6HTHTg9tOyj232yxpbusyodwVedAur3Ph5-Vw_w5q7vVbg0ayxbM3PqIlHCzZUbvgGcENDGwU2AiMThEoo3NwOpCm4CiOShXx_gD_wzek:1wR6Mv:buyH5YQzDr1Vifspnz6soo2xDBw0ojwS5f7sC5R0qQ0", "expire_date": "2026-06-07T10:47:41.391Z"}}, {"model": "sessions.session", "pk": "lm5wj66wtqyoeptq6dreqbklzfvkdvcy", "fields": {"session_data": ".eJxVjLsOwjAMAP_FM4oIrpu0IzvfENmOQwqolfqYEP-OKnWA9e50b0i8rTVti81pyNCDJzj9QmF92rib_ODxPjmdxnUexO2JO-ziblO21_Vo_waVlwo9RGkjSqHCQqrBq6qcQ2y6TKW7dOQtN2jRCnpGC9IGZGwwWBEkVILPFymOOKY:1wI0js:8_ZqlZ59nNZ_PbcEg5ai6aQ31_Ai2D98LeWsqygrXJU", "expire_date": "2026-05-13T08:57:48.279Z"}}, {"model": "sessions.session", "pk": "na92yamb3gmu7t5zprbkfov3rcs4vxjy", "fields": {"session_data": ".eJxVjDsOwyAQRO9CHSFgEZ-U6XMGtLAQnEQgGbuycvfYkoukmWLem9lYwHWpYR15DhOxK1PALr9lxPTK7SD0xPboPPW2zFPkh8JPOvi9U37fTvfvoOKo-xqVVoTFOBCGYlIOHJbswJMC7aPdw9pcyACKGLWWRfkkNFnnyUuZ2OcLB8M34w:1wPYPA:9m_QraBuDykRsdQjIFvViLguDJIw8ao_6e2NFsFwaJQ", "expire_date": "2026-06-03T04:19:36.084Z"}}, {"model": "sessions.session", "pk": "ppr2t61t77a0v395b9zxafp5dw5po5g3", "fields": {"session_data": ".eJxVjMEOwiAQRP-FsyFSLLAevfsNZJfdStVAUtqT8d-VpAed47w381IRtzXHrckSZ1ZnZY06_JaE6SGlE75juVWdalmXmXRX9E6bvlaW52V3_w4ytvxdewH2CTAJiTN-8pCODEiTCSMP4j0zwIjsxFKAkzhAEwz0BLJ2UO8PNLo4dw:1wSSwp:uvxyF405X62CY8D-gzzw2MjONELo0nzg3C9_j-CZP7Q", "expire_date": "2026-06-11T05:06:23.737Z"}}, {"model": "sessions.session", "pk": "r117aml4gmv0a9gf4od03wpdcyrc4m59", "fields": {"session_data": "eyJfcGFzc3dvcmRfcmVzZXRfdG9rZW4iOiJkN3NvMWYtZTUxZTA4OTU0ZDRmZjhkMDA2YWQ0YzVjNDg0ZDQxYjAifQ:1wHxzn:41yr6l0ttzKmeVNCZr1hT9rrpoCPVUfOAzJpR5pJDnc", "expire_date": "2026-05-13T06:02:03.318Z"}}, {"model": "sessions.session", "pk": "ryz8gqi6g19yi3fol4nusgos2j4ygiyv", "fields": {"session_data": ".eJxVjEsOwiAUAO_y1oZQ_nTp3jOQxwOkaiAp7cp4d9OkC93OTOYNAfethn3kNSwJZpjg8ssi0jO3Q6QHtntn1Nu2LpEdCTvtYLee8ut6tn-DiqPCDIIr0joW7WxJROg99-SEjiU573JCbW0UZuJCGeWlKYQSnczckoiaF_h8Aee-N-A:1wDcuQ:CjFLodeZKVDni13afb22uEY2zR3gyRdqyakTotLCOvg", "expire_date": "2026-05-01T06:42:34.394Z"}}, {"model": "sessions.session", "pk": "sh2be5ml9nzr7pakml5wajuy926lcjcf", "fields": {"session_data": "e30:1wHyGU:6PsM5KN19TDHEIwO4O1n-VfSs4Mrbg4NoD2AC9ZhZng", "expire_date": "2026-05-13T06:19:18.536Z"}}, {"model": "sessions.session", "pk": "vn8keroip773yn9ryki30ptxff8s4r8a", "fields": {"session_data": "eyJfcGFzc3dvcmRfcmVzZXRfdG9rZW4iOiJkN3NubWUtZDBjNGU0NmRlYjdhMzE2ZjE3NWE2OTk1OWQyYjdmNTEifQ:1wHxri:LPcEPTSmoLUM-mHOTb9hRQ7-zKGcIzlyoOEP6mPVYi0", "expire_date": "2026-05-13T05:53:42.376Z"}}, {"model": "sessions.session", "pk": "vu9fj3b8emaowgg0tedg0mc3ltmafcwq", "fields": {"session_data": ".eJxVjDsOgzAQRO_iOrLWH2CdMj1nQGuvHZNEtoShinL3gESRTDnvzbzFRNuap63FZZpZXIU24vJbegrPWA7CDyr3KkMt6zJ7eSjypE2OlePrdrp_B5la3tcKDAIgYlQAnjmRjrzHs3HeglHQAyaHfWddp5NWNASL1joyQ-oTis8X9uQ3eQ:1wPFQF:EPIMEkPpjtOCkxSeVq7UyrXX31hKrQ9n4XQYXLtJsHw", "expire_date": "2026-06-02T08:03:27.297Z"}}, {"model": "sessions.session", "pk": "yrcpdwqjhni11j5xhrhhwedhq550h5a4", "fields": {"session_data": ".eJxVjLsOwjAMAP_FM4oIrpu0IzvfENmOQwqolfqYEP-OKnWA9e50b0i8rTVti81pyNCDJzj9QmF92rib_ODxPjmdxnUexO2JO-ziblO21_Vo_waVlwo9RGkjSqHCQqrBq6qcQ2y6TKW7dOQtN2jRCnpGC9IGZGwwWBEkVILPFymOOKY:1wI13n:7SZg3_uPnJVtchQup95rzCjqMNZlEVddxMtQfu0EKhQ", "expire_date": "2026-05-13T09:18:23.844Z"}}, {"model": "attendance.trainer", "pk": 1, "fields": {"password": "pbkdf2_sha256$1200000$gbadiOdsqMeUWFpjrvegC2$sXs+t0p+1v7nDaQQlA0RRhv2qenwBFUsv/+95n7x5bU=", "last_login": "2026-05-21T11:29:47.133Z", "is_superuser": true, "username": "admin", "full_name": "Admin Trainer", "email": "admin@example.com", "mobile_number": null, "is_active": true, "is_staff": true, "is_parent": false, "has_claimed_account": false, "date_joined": "2026-04-16T19:25:10.365Z", "groups": [], "user_permissions": []}}, {"model": "attendance.trainer", "pk": 2, "fields": {"password": "pbkdf2_sha256$1200000$Hckt60iHz12is4zJuuosLF$8kRAlq8hharJlf0vavJm9mMdA3f3hxZfN8joMPcng48=", "last_login": "2026-05-19T14:55:21.087Z", "is_superuser": false, "username": "trainerTest", "full_name": "Test Trainer", "email": "trainer@test.com", "mobile_number": null, "is_active": true, "is_staff": false, "is_parent": false, "has_claimed_account": false, "date_joined": "2026-04-21T03:43:33.522Z", "groups": [], "user_permissions": []}}, {"model": "attendance.trainer", "pk": 14, "fields": {"password": "pbkdf2_sha256$1200000$gCILk3gSbPEC37MPy0RF4S$fY9IOnp7NwGXVFab5vrCKsAtLebVy563ThcY5mm0oes=", "last_login": "2026-05-28T04:58:28.912Z", "is_superuser": false, "username": "Aak", "full_name": "aakrist sharma", "email": "Aakholbos7497@gmail.com", "mobile_number": null, "is_active": true, "is_staff": false, "is_parent": false, "has_claimed_account": false, "date_joined": "2026-04-23T07:18:15.141Z", "groups": [], "user_permissions": []}}, {"model": "attendance.trainer", "pk": 16, "fields": {"password": "pbkdf2_sha256$1200000$n6qwhYlswEVBr4LLEYWv7e$C/ocWvkOYdEVFvxTm96feqAz/pM7d6WvipQp8pW4GuY=", "last_login": "2026-05-27T10:48:04.947Z", "is_superuser": true, "username": "AAKRIST", "full_name": "", "email": "AAKRISTSHARMA135@gmail.com", "mobile_number": null, "is_active": true, "is_staff": true, "is_parent": false, "has_claimed_account": false, "date_joined": "2026-04-30T09:19:29.598Z", "groups": [], "user_permissions": []}}, {"model": "attendance.trainer", "pk": 19, "fields": {"password": "pbkdf2_sha256$1200000$RnKbXslcIBA6NTouANqMt0$W+I2xOIJy8Psj/TI1OzqRLDCOoCRzlv90hMvQBjP/yk=", "last_login": "2026-05-19T15:04:40.063Z", "is_superuser": false, "username": "Priyanshu", "full_name": "priyanshu sharma", "email": "priyanshusharma7497@gmail.com", "mobile_number": null, "is_active": true, "is_staff": false, "is_parent": true, "has_claimed_account": false, "date_joined": "2026-05-02T17:54:46.093Z", "groups": [], "user_permissions": []}}, {"model": "attendance.trainer", "pk": 20, "fields": {"password": "pbkdf2_sha256$1200000$PvFL9ytIpI3Zq9zxHgEtH7$GAiT19P+tTviYTOVxN3mNmSRhqrATtHLPlk0k/UuuTw=", "last_login": null, "is_superuser": false, "username": "qwe", "full_name": "awe", "email": "peatallen23@gmail.com", "mobile_number": null, "is_active": true, "is_staff": false, "is_parent": true, "has_claimed_account": false, "date_joined": "2026-05-02T19:23:25.142Z", "groups": [], "user_permissions": []}}, {"model": "attendance.trainer", "pk": 22, "fields": {"password": "pbkdf2_sha256$1200000$iuc0qinxe0OxgV2H6dBVzo$t2cRltpOKLq2irhrnmfEYMiuZGN3hg76ZkrzpL3x8Xc=", "last_login": null, "is_superuser": false, "username": "ery", "full_name": "QWE", "email": "zyemv55432@minitts.net", "mobile_number": null, "is_active": true, "is_staff": false, "is_parent": true, "has_claimed_account": false, "date_joined": "2026-05-02T19:27:27.739Z", "groups": [], "user_permissions": []}}, {"model": "attendance.trainer", "pk": 23, "fields": {"password": "pbkdf2_sha256$1200000$mS6cXcV3CpN76SXOLt1QRZ$+ykri0bbKSl0RB9p9/HbL6wZPU2ed128tm/KYF95yW8=", "last_login": "2026-05-25T08:08:39.191Z", "is_superuser": false, "username": "patel", "full_name": "patel", "email": "aakristsharma135@gmail.com", "mobile_number": "7905296651", "is_active": true, "is_staff": false, "is_parent": true, "has_claimed_account": true, "date_joined": "2026-05-16T18:58:38.841Z", "groups": [], "user_permissions": []}}, {"model": "attendance.trainer", "pk": 24, "fields": {"password": "pbkdf2_sha256$1200000$lYxnCAoqbcNVJ1mOHWpTDs$1LhVZiwKCjsvXt0HtxQ/MlTdp9TvSQhTxq9TsQAJcwc=", "last_login": "2026-05-18T08:49:09.320Z", "is_superuser": false, "username": "Moni", "full_name": "Moni roy", "email": "patelanshika876@gmail.com", "mobile_number": "9555188445", "is_active": true, "is_staff": false, "is_parent": true, "has_claimed_account": false, "date_joined": "2026-05-17T10:05:34.285Z", "groups": [], "user_permissions": []}}, {"model": "attendance.trainer", "pk": 25, "fields": {"password": "pbkdf2_sha256$1200000$v1ssOK8YaAjx7T4FqHznR7$7Pl8qCCkNL2DeU2Sgj6ch3jbYXXdGEcXNs5o9sfEUVs=", "last_login": "2026-05-27T10:46:19.459Z", "is_superuser": false, "username": "ramesh", "full_name": "Ramesh sharma", "email": null, "mobile_number": "7497997796", "is_active": true, "is_staff": false, "is_parent": true, "has_claimed_account": true, "date_joined": "2026-05-21T07:56:40.598Z", "groups": [], "user_permissions": []}}, {"model": "attendance.trainer", "pk": 26, "fields": {"password": "pbkdf2_sha256$1000000$zUgNkQxCIWQptj6KYg9UNz$GN/aBrHaDQg3aek1Ne6eGmV3DcZnZ3bjuXa4HY6smHE=", "last_login": null, "is_superuser": true, "username": "admin2", "full_name": "", "email": "admin2@example.com", "mobile_number": null, "is_active": true, "is_staff": true, "is_parent": false, "has_claimed_account": false, "date_joined": "2026-05-23T06:28:42.859Z", "groups": [], "user_permissions": []}}, {"model": "attendance.trainer", "pk": 27, "fields": {"password": "pbkdf2_sha256$1200000$IqxxZQehzVhhOu78mNsZAg$dFDwNbXFWL3Sr7zBi4mFLXshNx82/2yMhfVpx0hIUSA=", "last_login": "2026-05-25T06:44:45.804Z", "is_superuser": false, "username": "tester", "full_name": "Tester", "email": "tester7497997796@gmail.com", "mobile_number": null, "is_active": true, "is_staff": false, "is_parent": false, "has_claimed_account": false, "date_joined": "2026-05-25T06:30:36.302Z", "groups": [], "user_permissions": []}}, {"model": "attendance.trainer", "pk": 28, "fields": {"password": "pbkdf2_sha256$1200000$hCEYWJzzdetPNLeLyUFwmP$/jCDevRAGCz+h9GBzCMf9EdcT8SBJkWoHA/XEsywAvE=", "last_login": null, "is_superuser": true, "username": "AAK", "full_name": "", "email": "Aakholbos7497@gmail.com", "mobile_number": null, "is_active": true, "is_staff": true, "is_parent": false, "has_claimed_account": false, "date_joined": "2026-05-25T12:05:30.473Z", "groups": [], "user_permissions": []}}, {"model": "attendance.trainer", "pk": 29, "fields": {"password": "pbkdf2_sha256$1200000$km26JY7SE6NsXZ2AXLgDB2$wpo1yGZZonte2Si+C5hDy6wcEWZTdjiJ9ireb8A9rsI=", "last_login": null, "is_superuser": true, "username": "staff_user", "full_name": "", "email": "staff@example.com", "mobile_number": null, "is_active": true, "is_staff": true, "is_parent": false, "has_claimed_account": false, "date_joined": "2026-05-25T12:08:08.095Z", "groups": [], "user_permissions": []}}, {"model": "attendance.trainer", "pk": 30, "fields": {"password": "pbkdf2_sha256$1200000$kXx6ErWgn0fvbsFYYZ38NU$gGn52Fr1fxvAQvmN/QwWxHb6slFTrB1oyey+6jATpPY=", "last_login": null, "is_superuser": true, "username": "python manage.py changepassword admin", "full_name": "", "email": "Aakholbos7497@gmail.com", "mobile_number": null, "is_active": true, "is_staff": true, "is_parent": false, "has_claimed_account": false, "date_joined": "2026-05-25T12:13:30.814Z", "groups": [], "user_permissions": []}}, {"model": "attendance.trainer", "pk": 31, "fields": {"password": "pbkdf2_sha256$1200000$omNhM6P080to1PoacA6tNl$bIS0cb93nF5M1jl9H6fdZwsdah5F1pBqGJ9PPtamJZ4=", "last_login": "2026-05-28T05:06:23.730Z", "is_superuser": false, "username": "parent", "full_name": "parent1", "email": null, "mobile_number": "0123456789", "is_active": true, "is_staff": false, "is_parent": true, "has_claimed_account": false, "date_joined": "2026-05-27T10:58:42.072Z", "groups": [], "user_permissions": []}}, {"model": "attendance.student", "pk": 1, "fields": {"name": "Aarav Sharma", "student_class": "Class 1", "section": "", "roll_number": "C1-01", "parent_email": "parent@example.com", "parent_mobile": "", "is_active": false, "created_at": "2026-04-16T19:25:03.987Z"}}, {"model": "attendance.student", "pk": 2, "fields": {"name": "Ananya Singh", "student_class": "Class 1", "section": "", "roll_number": "C1-02", "parent_email": "", "parent_mobile": "", "is_active": false, "created_at": "2026-04-16T19:25:03.998Z"}}, {"model": "attendance.student", "pk": 3, "fields": {"name": "Arjun Verma", "student_class": "Class 1", "section": "", "roll_number": "C1-03", "parent_email": "", "parent_mobile": "", "is_active": false, "created_at": "2026-04-16T19:25:04.009Z"}}, {"model": "attendance.student", "pk": 4, "fields": {"name": "Diya Patel", "student_class": "Class 1", "section": "", "roll_number": "C1-04", "parent_email": "", "parent_mobile": "", "is_active": false, "created_at": "2026-04-16T19:25:04.021Z"}}, {"model": "attendance.student", "pk": 5, "fields": {"name": "Ishaan Mehta", "student_class": "Class 1", "section": "", "roll_number": "C1-05", "parent_email": "", "parent_mobile": "", "is_active": false, "created_at": "2026-04-16T19:25:04.033Z"}}, {"model": "attendance.student", "pk": 6, "fields": {"name": "Kavya Nair", "student_class": "Class 2", "section": "", "roll_number": "C2-01", "parent_email": "", "parent_mobile": "", "is_active": false, "created_at": "2026-04-16T19:25:04.042Z"}}, {"model": "attendance.student", "pk": 7, "fields": {"name": "Manav Gupta", "student_class": "Class 2", "section": "", "roll_number": "C2-02", "parent_email": "", "parent_mobile": "", "is_active": false, "created_at": "2026-04-16T19:25:04.053Z"}}, {"model": "attendance.student", "pk": 8, "fields": {"name": "Neha Joshi", "student_class": "Class 2", "section": "", "roll_number": "C2-03", "parent_email": "", "parent_mobile": "", "is_active": false, "created_at": "2026-04-16T19:25:04.062Z"}}, {"model": "attendance.student", "pk": 9, "fields": {"name": "Priya Reddy", "student_class": "Class 2", "section": "", "roll_number": "C2-04", "parent_email": "", "parent_mobile": "", "is_active": false, "created_at": "2026-04-16T19:25:04.072Z"}}, {"model": "attendance.student", "pk": 10, "fields": {"name": "Rahul Kumar", "student_class": "Class 2", "section": "", "roll_number": "C2-05", "parent_email": "", "parent_mobile": "", "is_active": false, "created_at": "2026-04-16T19:25:04.081Z"}}, {"model": "attendance.student", "pk": 11, "fields": {"name": "Riya Shah", "student_class": "Class 3", "section": "", "roll_number": "C3-01", "parent_email": "", "parent_mobile": "", "is_active": false, "created_at": "2026-04-16T19:25:04.092Z"}}, {"model": "attendance.student", "pk": 12, "fields": {"name": "Rohan Das", "student_class": "Class 3", "section": "", "roll_number": "C3-02", "parent_email": "", "parent_mobile": "", "is_active": false, "created_at": "2026-04-16T19:25:04.104Z"}}, {"model": "attendance.student", "pk": 13, "fields": {"name": "Saanvi Iyer", "student_class": "Class 3", "section": "", "roll_number": "C3-03", "parent_email": "", "parent_mobile": "", "is_active": false, "created_at": "2026-04-16T19:25:04.113Z"}}, {"model": "attendance.student", "pk": 14, "fields": {"name": "Siddharth Roy", "student_class": "Class 3", "section": "", "roll_number": "C3-04", "parent_email": "", "parent_mobile": "", "is_active": false, "created_at": "2026-04-16T19:25:04.125Z"}}, {"model": "attendance.student", "pk": 15, "fields": {"name": "Tanvi Bose", "student_class": "Class 3", "section": "", "roll_number": "C3-05", "parent_email": "", "parent_mobile": "", "is_active": false, "created_at": "2026-04-16T19:25:04.135Z"}}, {"model": "attendance.student", "pk": 16, "fields": {"name": "Aditya Pandey", "student_class": "Class 4", "section": "", "roll_number": "C4-01", "parent_email": "", "parent_mobile": "", "is_active": false, "created_at": "2026-04-16T19:25:04.144Z"}}, {"model": "attendance.student", "pk": 17, "fields": {"name": "Anvi Chaudhary", "student_class": "Class 4", "section": "", "roll_number": "C4-02", "parent_email": "", "parent_mobile": "", "is_active": false, "created_at": "2026-04-16T19:25:04.154Z"}}, {"model": "attendance.student", "pk": 18, "fields": {"name": "Kabir Tiwari", "student_class": "Class 4", "section": "", "roll_number": "C4-03", "parent_email": "", "parent_mobile": "", "is_active": false, "created_at": "2026-04-16T19:25:04.165Z"}}, {"model": "attendance.student", "pk": 19, "fields": {"name": "Mia Pillai", "student_class": "Class 4", "section": "", "roll_number": "C4-04", "parent_email": "", "parent_mobile": "", "is_active": false, "created_at": "2026-04-16T19:25:04.175Z"}}, {"model": "attendance.student", "pk": 20, "fields": {"name": "Veer Malhotra", "student_class": "Class 4", "section": "", "roll_number": "C4-05", "parent_email": "", "parent_mobile": "", "is_active": false, "created_at": "2026-04-16T19:25:04.187Z"}}, {"model": "attendance.student", "pk": 21, "fields": {"name": "Aadhya Khanna", "student_class": "Class 5", "section": "", "roll_number": "C5-01", "parent_email": "", "parent_mobile": "", "is_active": false, "created_at": "2026-04-16T19:25:04.196Z"}}, {"model": "attendance.student", "pk": 22, "fields": {"name": "Aryan Mishra", "student_class": "Class 5", "section": "", "roll_number": "C5-02", "parent_email": "", "parent_mobile": "", "is_active": false, "created_at": "2026-04-16T19:25:04.207Z"}}, {"model": "attendance.student", "pk": 23, "fields": {"name": "Divya Choudhary", "student_class": "Class 5", "section": "", "roll_number": "C5-03", "parent_email": "", "parent_mobile": "", "is_active": false, "created_at": "2026-04-16T19:25:04.215Z"}}, {"model": "attendance.student", "pk": 24, "fields": {"name": "Kiara Sethi", "student_class": "Class 5", "section": "", "roll_number": "C5-04", "parent_email": "", "parent_mobile": "", "is_active": false, "created_at": "2026-04-16T19:25:04.228Z"}}, {"model": "attendance.student", "pk": 25, "fields": {"name": "Vivaan Jain", "student_class": "Class 5", "section": "", "roll_number": "C5-05", "parent_email": "", "parent_mobile": "", "is_active": false, "created_at": "2026-04-16T19:25:04.237Z"}}, {"model": "attendance.student", "pk": 26, "fields": {"name": "Kiaan Rawat", "student_class": "Class 6", "section": "", "roll_number": "", "parent_email": "", "parent_mobile": "", "is_active": true, "created_at": "2026-04-21T03:46:38.187Z"}}, {"model": "attendance.student", "pk": 27, "fields": {"name": "Dhwaj Pratap singh", "student_class": "Class 6", "section": "", "roll_number": "", "parent_email": "", "parent_mobile": "", "is_active": true, "created_at": "2026-04-21T03:47:49.099Z"}}, {"model": "attendance.student", "pk": 28, "fields": {"name": "Aarav kumar", "student_class": "Class 6", "section": "", "roll_number": "", "parent_email": "", "parent_mobile": "", "is_active": true, "created_at": "2026-04-21T03:48:08.089Z"}}, {"model": "attendance.student", "pk": 29, "fields": {"name": "Aarav  Bharadwaj", "student_class": "Class 6", "section": "", "roll_number": "", "parent_email": "", "parent_mobile": "", "is_active": true, "created_at": "2026-04-21T03:48:48.614Z"}}, {"model": "attendance.student", "pk": 30, "fields": {"name": "Reyansh kumar", "student_class": "Class 6", "section": "", "roll_number": "", "parent_email": "", "parent_mobile": "", "is_active": true, "created_at": "2026-04-21T03:49:03.372Z"}}, {"model": "attendance.student", "pk": 31, "fields": {"name": "Myra aggrawal", "student_class": "Class 6", "section": "", "roll_number": "", "parent_email": "", "parent_mobile": "", "is_active": true, "created_at": "2026-04-21T03:49:28.310Z"}}, {"model": "attendance.student", "pk": 32, "fields": {"name": "Anaya", "student_class": "Class 6", "section": "", "roll_number": "Orion", "parent_email": "", "parent_mobile": "", "is_active": true, "created_at": "2026-04-21T03:50:17.601Z"}}, {"model": "attendance.student", "pk": 33, "fields": {"name": "Arshika Godhuhan", "student_class": "Class 6", "section": "", "roll_number": "Draco", "parent_email": "", "parent_mobile": "", "is_active": true, "created_at": "2026-04-21T03:51:08.245Z"}}, {"model": "attendance.student", "pk": 34, "fields": {"name": "Aarna Shahl", "student_class": "Class 6", "section": "", "roll_number": "Cygnus", "parent_email": "", "parent_mobile": "", "is_active": true, "created_at": "2026-04-21T03:51:48.592Z"}}, {"model": "attendance.student", "pk": 35, "fields": {"name": "Nivedh V Nair", "student_class": "Class 6", "section": "", "roll_number": "Cygnus", "parent_email": "", "parent_mobile": "", "is_active": true, "created_at": "2026-04-21T03:52:14.215Z"}}, {"model": "attendance.student", "pk": 36, "fields": {"name": "Devansh sahoo", "student_class": "Class 6", "section": "", "roll_number": "Cygnus", "parent_email": "", "parent_mobile": "", "is_active": true, "created_at": "2026-04-21T03:52:33.761Z"}}, {"model": "attendance.student", "pk": 37, "fields": {"name": "Nivedh V Nair", "student_class": "Class 6", "section": "", "roll_number": "Aquila", "parent_email": "", "parent_mobile": "", "is_active": true, "created_at": "2026-04-21T03:53:10.282Z"}}, {"model": "attendance.student", "pk": 38, "fields": {"name": "Kriyansh Sudan", "student_class": "Class 6", "section": "", "roll_number": "Draco", "parent_email": "", "parent_mobile": "", "is_active": true, "created_at": "2026-04-21T03:53:37.525Z"}}, {"model": "attendance.student", "pk": 39, "fields": {"name": "Vihan Jaiswal", "student_class": "Class 6", "section": "", "roll_number": "Draco", "parent_email": "", "parent_mobile": "", "is_active": true, "created_at": "2026-04-21T03:54:00.577Z"}}, {"model": "attendance.student", "pk": 40, "fields": {"name": "Abhirup Roy", "student_class": "Class 6", "section": "", "roll_number": "Cygnus", "parent_email": "", "parent_mobile": "", "is_active": true, "created_at": "2026-04-21T03:54:21.704Z"}}, {"model": "attendance.student", "pk": 41, "fields": {"name": "Ankit  jaiswal", "student_class": "Class 6", "section": "", "roll_number": "Cygnus", "parent_email": "aakristsharma135@gmail.com", "parent_mobile": "", "is_active": false, "created_at": "2026-04-21T05:13:50.559Z"}}, {"model": "attendance.student", "pk": 42, "fields": {"name": "Rohit", "student_class": "Class 6", "section": "", "roll_number": "Cygnus", "parent_email": "Roo123@gamil.com", "parent_mobile": "", "is_active": false, "created_at": "2026-04-21T05:24:05.109Z"}}, {"model": "attendance.student", "pk": 43, "fields": {"name": "Rohit", "student_class": "Class 6", "section": "", "roll_number": "Cygnus", "parent_email": "Roo123@gamil.com", "parent_mobile": "", "is_active": false, "created_at": "2026-04-21T05:32:19.392Z"}}, {"model": "attendance.student", "pk": 44, "fields": {"name": "Rohit", "student_class": "Class 6", "section": "", "roll_number": "Cygnus", "parent_email": "Rohit123@gmail.com", "parent_mobile": "", "is_active": false, "created_at": "2026-04-21T05:33:41.162Z"}}, {"model": "attendance.student", "pk": 45, "fields": {"name": "Rohit", "student_class": "Class 6", "section": "", "roll_number": "Cygnus", "parent_email": "rohit123@gmail.com", "parent_mobile": "", "is_active": true, "created_at": "2026-04-21T05:34:14.840Z"}}, {"model": "attendance.student", "pk": 46, "fields": {"name": "Arjun", "student_class": "Class 4", "section": "", "roll_number": "Orian", "parent_email": "vishnu07@gmail.com", "parent_mobile": "", "is_active": false, "created_at": "2026-04-21T05:35:56.436Z"}}, {"model": "attendance.student", "pk": 47, "fields": {"name": "Aakrist Sharma Jr.", "student_class": "Class 5", "section": "", "roll_number": "", "parent_email": "aakristsharma135@gmail.com", "parent_mobile": "", "is_active": false, "created_at": "2026-04-21T08:08:48.490Z"}}, {"model": "attendance.student", "pk": 48, "fields": {"name": "Test Student", "student_class": "", "section": "", "roll_number": "", "parent_email": "parent@test.com", "parent_mobile": "", "is_active": false, "created_at": "2026-04-29T08:56:00.267Z"}}, {"model": "attendance.student", "pk": 49, "fields": {"name": "Priynshu sharma", "student_class": "Class 10", "section": "", "roll_number": "25", "parent_email": "priyanshusharma7497@gmail.com", "parent_mobile": "", "is_active": false, "created_at": "2026-04-30T08:05:12.726Z"}}, {"model": "attendance.student", "pk": 50, "fields": {"name": "anubhav", "student_class": "Class 5", "section": "", "roll_number": "10", "parent_email": "priyanshusharma7497@gmail.com", "parent_mobile": "", "is_active": false, "created_at": "2026-05-01T10:23:58.944Z"}}, {"model": "attendance.student", "pk": 51, "fields": {"name": "Priyanshu", "student_class": "Class 5", "section": "", "roll_number": "15", "parent_email": "priyanshusharma7497@gmail.com", "parent_mobile": "", "is_active": true, "created_at": "2026-05-02T17:56:20.709Z"}}, {"model": "attendance.student", "pk": 52, "fields": {"name": "arpit", "student_class": "Class 5", "section": "", "roll_number": "10", "parent_email": "aakristsharma135@gmail.com", "parent_mobile": "", "is_active": true, "created_at": "2026-05-16T18:59:51.340Z"}}, {"model": "attendance.student", "pk": 53, "fields": {"name": "Minal swarn", "student_class": "Class 7", "section": "", "roll_number": "Panna", "parent_email": "", "parent_mobile": "", "is_active": true, "created_at": "2026-05-19T05:29:24.512Z"}}, {"model": "attendance.student", "pk": 54, "fields": {"name": "Tarrush yadav", "student_class": "Class 6", "section": "", "roll_number": "Kruger", "parent_email": "", "parent_mobile": "", "is_active": true, "created_at": "2026-05-19T05:30:19.777Z"}}, {"model": "attendance.student", "pk": 55, "fields": {"name": "Aarush thakral", "student_class": "Class 6", "section": "", "roll_number": "sariska", "parent_email": "", "parent_mobile": "", "is_active": true, "created_at": "2026-05-19T05:31:10.505Z"}}, {"model": "attendance.student", "pk": 56, "fields": {"name": "Suveer shukla", "student_class": "Class 7", "section": "", "roll_number": "Taoba", "parent_email": "", "parent_mobile": "", "is_active": true, "created_at": "2026-05-19T05:32:03.045Z"}}, {"model": "attendance.student", "pk": 57, "fields": {"name": "Athrav saxena", "student_class": "Class 7", "section": "", "roll_number": "Taoba", "parent_email": "", "parent_mobile": "", "is_active": true, "created_at": "2026-05-19T05:32:53.509Z"}}, {"model": "attendance.student", "pk": 58, "fields": {"name": "Rudra singh", "student_class": "Class 7", "section": "", "roll_number": "Panna", "parent_email": "", "parent_mobile": "", "is_active": true, "created_at": "2026-05-19T05:33:21.292Z"}}, {"model": "attendance.student", "pk": 59, "fields": {"name": "Athrav saxena", "student_class": "Class 7", "section": "", "roll_number": "corbett", "parent_email": "", "parent_mobile": "", "is_active": true, "created_at": "2026-05-19T05:34:01.055Z"}}, {"model": "attendance.student", "pk": 60, "fields": {"name": "Subinary kaushik", "student_class": "Class 7", "section": "", "roll_number": "Panna", "parent_email": "", "parent_mobile": "", "is_active": true, "created_at": "2026-05-19T05:34:54.836Z"}}, {"model": "attendance.student", "pk": 61, "fields": {"name": "Avika gupta", "student_class": "Class 7", "section": "", "roll_number": "kaziranga", "parent_email": "", "parent_mobile": "", "is_active": true, "created_at": "2026-05-19T05:36:56.558Z"}}, {"model": "attendance.student", "pk": 62, "fields": {"name": "Aadya kumari", "student_class": "Class 7", "section": "", "roll_number": "sartpura", "parent_email": "", "parent_mobile": "", "is_active": true, "created_at": "2026-05-19T05:37:30.991Z"}}, {"model": "attendance.student", "pk": 63, "fields": {"name": "Pranjal", "student_class": "Class 7", "section": "", "roll_number": "Kruger", "parent_email": "", "parent_mobile": "", "is_active": true, "created_at": "2026-05-19T05:38:10.159Z"}}, {"model": "attendance.student", "pk": 64, "fields": {"name": "Abbhyudaya aggrwal", "student_class": "Class 7", "section": "", "roll_number": "corbett", "parent_email": "", "parent_mobile": "", "is_active": true, "created_at": "2026-05-19T05:39:03.701Z"}}, {"model": "attendance.student", "pk": 65, "fields": {"name": "samar kumar singh", "student_class": "Class 6", "section": "", "roll_number": "pegasus", "parent_email": "", "parent_mobile": "", "is_active": true, "created_at": "2026-05-19T05:42:10.995Z"}}, {"model": "attendance.student", "pk": 66, "fields": {"name": "Aakrist sharma", "student_class": "Class 6", "section": "ganga", "roll_number": "", "parent_email": "", "parent_mobile": "7905296651", "is_active": true, "created_at": "2026-05-21T07:53:24.059Z"}}, {"model": "attendance.student", "pk": 67, "fields": {"name": "Aak", "student_class": "Class 5", "section": "yamuna", "roll_number": "", "parent_email": "", "parent_mobile": "7905296651", "is_active": true, "created_at": "2026-05-21T07:55:14.247Z"}}, {"model": "attendance.student", "pk": 68, "fields": {"name": "king", "student_class": "Class 7", "section": "A", "roll_number": "", "parent_email": "", "parent_mobile": "7497997796", "is_active": true, "created_at": "2026-05-25T06:45:42.387Z"}}, {"model": "attendance.student", "pk": 69, "fields": {"name": "1", "student_class": "Class 7", "section": "A", "roll_number": "14", "parent_email": "", "parent_mobile": "0123456789", "is_active": true, "created_at": "2026-05-27T10:48:57.033Z"}}, {"model": "attendance.student", "pk": 70, "fields": {"name": "2", "student_class": "Class 2", "section": "A", "roll_number": "2", "parent_email": "", "parent_mobile": "0123456789", "is_active": true, "created_at": "2026-05-27T10:49:22.735Z"}}, {"model": "attendance.student", "pk": 71, "fields": {"name": "3", "student_class": "Class 3", "section": "A", "roll_number": "3", "parent_email": "", "parent_mobile": "0123456789", "is_active": true, "created_at": "2026-05-27T10:49:43.830Z"}}, {"model": "attendance.attendancesession", "pk": 1, "fields": {"trainer": 1, "student_class": "Class 6", "date": "2026-04-21", "submitted_at": "2026-04-21T03:55:55.071Z"}}, {"model": "attendance.attendancesession", "pk": 2, "fields": {"trainer": 1, "student_class": "Class 4", "date": "2026-04-21", "submitted_at": "2026-04-21T05:37:19.056Z"}}, {"model": "attendance.attendancesession", "pk": 3, "fields": {"trainer": 1, "student_class": "Class 5", "date": "2026-04-21", "submitted_at": "2026-04-21T08:08:48.516Z"}}, {"model": "attendance.attendancesession", "pk": 4, "fields": {"trainer": 1, "student_class": "Class 5", "date": "2026-04-20", "submitted_at": "2026-04-21T08:08:48.556Z"}}, {"model": "attendance.attendancesession", "pk": 5, "fields": {"trainer": 1, "student_class": "Class 5", "date": "2026-04-19", "submitted_at": "2026-04-21T08:08:48.589Z"}}, {"model": "attendance.attendancesession", "pk": 6, "fields": {"trainer": 1, "student_class": "Class 5", "date": "2026-04-18", "submitted_at": "2026-04-21T08:08:48.618Z"}}, {"model": "attendance.attendancesession", "pk": 7, "fields": {"trainer": 1, "student_class": "Class 5", "date": "2026-04-17", "submitted_at": "2026-04-21T08:08:48.647Z"}}, {"model": "attendance.attendancesession", "pk": 8, "fields": {"trainer": 1, "student_class": "", "date": "2026-04-29", "submitted_at": "2026-04-29T08:56:19.722Z"}}, {"model": "attendance.attendancesession", "pk": 9, "fields": {"trainer": 14, "student_class": "Class 10", "date": "2026-04-30", "submitted_at": "2026-04-30T08:05:30.565Z"}}, {"model": "attendance.attendancesession", "pk": 10, "fields": {"trainer": 14, "student_class": "Class 10", "date": "2026-04-29", "submitted_at": "2026-04-30T08:05:47.324Z"}}, {"model": "attendance.attendancesession", "pk": 11, "fields": {"trainer": 14, "student_class": "Class 10", "date": "2026-04-28", "submitted_at": "2026-04-30T08:37:03.700Z"}}, {"model": "attendance.attendancesession", "pk": 12, "fields": {"trainer": 14, "student_class": "Class 5", "date": "2026-04-29", "submitted_at": "2026-05-01T10:24:19.979Z"}}, {"model": "attendance.attendancesession", "pk": 13, "fields": {"trainer": 14, "student_class": "Class 5", "date": "2026-04-30", "submitted_at": "2026-05-01T10:24:25.686Z"}}, {"model": "attendance.attendancesession", "pk": 14, "fields": {"trainer": 14, "student_class": "Class 5", "date": "2026-05-01", "submitted_at": "2026-05-01T10:24:42.300Z"}}, {"model": "attendance.attendancesession", "pk": 15, "fields": {"trainer": 14, "student_class": "Class 10", "date": "2026-05-02", "submitted_at": "2026-05-02T17:47:57.050Z"}}, {"model": "attendance.attendancesession", "pk": 16, "fields": {"trainer": 14, "student_class": "Class 5", "date": "2026-05-02", "submitted_at": "2026-05-02T17:56:37.482Z"}}, {"model": "attendance.attendancesession", "pk": 17, "fields": {"trainer": 1, "student_class": "Class 5", "date": "2026-05-16", "submitted_at": "2026-05-16T19:00:11.200Z"}}, {"model": "attendance.attendancesession", "pk": 18, "fields": {"trainer": 1, "student_class": "Class 7", "date": "2026-05-19", "submitted_at": "2026-05-19T05:39:24.178Z"}}, {"model": "attendance.attendancesession", "pk": 19, "fields": {"trainer": 1, "student_class": "Class 6", "date": "2026-05-19", "submitted_at": "2026-05-19T05:41:29.971Z"}}, {"model": "attendance.attendancesession", "pk": 20, "fields": {"trainer": 2, "student_class": "Class 5", "date": "2026-05-19", "submitted_at": "2026-05-19T14:56:46.239Z"}}, {"model": "attendance.attendancesession", "pk": 21, "fields": {"trainer": 1, "student_class": "Class 5", "date": "2026-05-20", "submitted_at": "2026-05-20T08:34:11.445Z"}}, {"model": "attendance.attendancesession", "pk": 22, "fields": {"trainer": 27, "student_class": "Class 7", "date": "2026-05-25", "submitted_at": "2026-05-25T06:45:58.093Z"}}, {"model": "attendance.attendancesession", "pk": 23, "fields": {"trainer": 14, "student_class": "Class 7", "date": "2026-05-27", "submitted_at": "2026-05-27T10:59:18.019Z"}}, {"model": "attendance.attendancesession", "pk": 24, "fields": {"trainer": 14, "student_class": "Class 7", "date": "2026-05-28", "submitted_at": "2026-05-28T04:58:46.399Z"}}, {"model": "attendance.attendancerecord", "pk": 1, "fields": {"session": 1, "student": 26, "status": "Present"}}, {"model": "attendance.attendancerecord", "pk": 2, "fields": {"session": 1, "student": 27, "status": "Present"}}, {"model": "attendance.attendancerecord", "pk": 3, "fields": {"session": 1, "student": 28, "status": "Present"}}, {"model": "attendance.attendancerecord", "pk": 4, "fields": {"session": 1, "student": 29, "status": "Present"}}, {"model": "attendance.attendancerecord", "pk": 5, "fields": {"session": 1, "student": 30, "status": "Present"}}, {"model": "attendance.attendancerecord", "pk": 6, "fields": {"session": 1, "student": 31, "status": "Present"}}, {"model": "attendance.attendancerecord", "pk": 7, "fields": {"session": 1, "student": 32, "status": "Present"}}, {"model": "attendance.attendancerecord", "pk": 8, "fields": {"session": 1, "student": 33, "status": "Present"}}, {"model": "attendance.attendancerecord", "pk": 9, "fields": {"session": 1, "student": 34, "status": "Present"}}, {"model": "attendance.attendancerecord", "pk": 10, "fields": {"session": 1, "student": 35, "status": "Present"}}, {"model": "attendance.attendancerecord", "pk": 11, "fields": {"session": 1, "student": 36, "status": "Present"}}, {"model": "attendance.attendancerecord", "pk": 12, "fields": {"session": 1, "student": 37, "status": "Present"}}, {"model": "attendance.attendancerecord", "pk": 13, "fields": {"session": 1, "student": 38, "status": "Present"}}, {"model": "attendance.attendancerecord", "pk": 14, "fields": {"session": 1, "student": 39, "status": "Present"}}, {"model": "attendance.attendancerecord", "pk": 15, "fields": {"session": 1, "student": 40, "status": "Present"}}, {"model": "attendance.attendancerecord", "pk": 16, "fields": {"session": 1, "student": 41, "status": "Present"}}, {"model": "attendance.attendancerecord", "pk": 17, "fields": {"session": 1, "student": 42, "status": "Present"}}, {"model": "attendance.attendancerecord", "pk": 18, "fields": {"session": 2, "student": 46, "status": "Present"}}, {"model": "attendance.attendancerecord", "pk": 19, "fields": {"session": 3, "student": 47, "status": "Present"}}, {"model": "attendance.attendancerecord", "pk": 20, "fields": {"session": 4, "student": 47, "status": "Present"}}, {"model": "attendance.attendancerecord", "pk": 21, "fields": {"session": 5, "student": 47, "status": "Absent"}}, {"model": "attendance.attendancerecord", "pk": 22, "fields": {"session": 6, "student": 47, "status": "Present"}}, {"model": "attendance.attendancerecord", "pk": 23, "fields": {"session": 7, "student": 47, "status": "Present"}}, {"model": "attendance.attendancerecord", "pk": 24, "fields": {"session": 8, "student": 48, "status": "Present"}}, {"model": "attendance.attendancerecord", "pk": 25, "fields": {"session": 9, "student": 49, "status": "Present"}}, {"model": "attendance.attendancerecord", "pk": 26, "fields": {"session": 10, "student": 49, "status": "Absent"}}, {"model": "attendance.attendancerecord", "pk": 27, "fields": {"session": 11, "student": 49, "status": "Absent"}}, {"model": "attendance.attendancerecord", "pk": 28, "fields": {"session": 12, "student": 50, "status": "Absent"}}, {"model": "attendance.attendancerecord", "pk": 29, "fields": {"session": 13, "student": 50, "status": "Present"}}, {"model": "attendance.attendancerecord", "pk": 30, "fields": {"session": 14, "student": 50, "status": "Present"}}, {"model": "attendance.attendancerecord", "pk": 31, "fields": {"session": 15, "student": 49, "status": "Present"}}, {"model": "attendance.attendancerecord", "pk": 32, "fields": {"session": 16, "student": 51, "status": "Absent"}}, {"model": "attendance.attendancerecord", "pk": 33, "fields": {"session": 14, "student": 51, "status": "Present"}}, {"model": "attendance.attendancerecord", "pk": 34, "fields": {"session": 17, "student": 52, "status": "Present"}}, {"model": "attendance.attendancerecord", "pk": 35, "fields": {"session": 18, "student": 53, "status": "Present"}}, {"model": "attendance.attendancerecord", "pk": 36, "fields": {"session": 18, "student": 56, "status": "Present"}}, {"model": "attendance.attendancerecord", "pk": 37, "fields": {"session": 18, "student": 57, "status": "Present"}}, {"model": "attendance.attendancerecord", "pk": 38, "fields": {"session": 18, "student": 58, "status": "Present"}}, {"model": "attendance.attendancerecord", "pk": 39, "fields": {"session": 18, "student": 59, "status": "Present"}}, {"model": "attendance.attendancerecord", "pk": 40, "fields": {"session": 18, "student": 60, "status": "Present"}}, {"model": "attendance.attendancerecord", "pk": 41, "fields": {"session": 18, "student": 61, "status": "Present"}}, {"model": "attendance.attendancerecord", "pk": 42, "fields": {"session": 18, "student": 62, "status": "Present"}}, {"model": "attendance.attendancerecord", "pk": 43, "fields": {"session": 18, "student": 63, "status": "Present"}}, {"model": "attendance.attendancerecord", "pk": 44, "fields": {"session": 18, "student": 64, "status": "Present"}}, {"model": "attendance.attendancerecord", "pk": 45, "fields": {"session": 19, "student": 29, "status": "Present"}}, {"model": "attendance.attendancerecord", "pk": 46, "fields": {"session": 19, "student": 34, "status": "Present"}}, {"model": "attendance.attendancerecord", "pk": 47, "fields": {"session": 19, "student": 36, "status": "Present"}}, {"model": "attendance.attendancerecord", "pk": 48, "fields": {"session": 19, "student": 38, "status": "Present"}}, {"model": "attendance.attendancerecord", "pk": 49, "fields": {"session": 19, "student": 39, "status": "Present"}}, {"model": "attendance.attendancerecord", "pk": 50, "fields": {"session": 19, "student": 40, "status": "Present"}}, {"model": "attendance.attendancerecord", "pk": 51, "fields": {"session": 19, "student": 65, "status": "Present"}}, {"model": "attendance.attendancerecord", "pk": 52, "fields": {"session": 20, "student": 51, "status": "Present"}}, {"model": "attendance.attendancerecord", "pk": 53, "fields": {"session": 20, "student": 52, "status": "Present"}}, {"model": "attendance.attendancerecord", "pk": 54, "fields": {"session": 21, "student": 51, "status": "Absent"}}, {"model": "attendance.attendancerecord", "pk": 55, "fields": {"session": 21, "student": 52, "status": "Absent"}}, {"model": "attendance.attendancerecord", "pk": 56, "fields": {"session": 22, "student": 68, "status": "Absent"}}, {"model": "attendance.attendancerecord", "pk": 57, "fields": {"session": 23, "student": 69, "status": "Absent"}}, {"model": "attendance.attendancerecord", "pk": 58, "fields": {"session": 24, "student": 69, "status": "Absent"}}, {"model": "attendance.compensationbooking", "pk": 1, "fields": {"student": 51, "parent": 19, "slot_type": "Saturday", "booking_date": "2026-05-19"}}, {"model": "attendance.compensationbooking", "pk": 2, "fields": {"student": 51, "parent": 19, "slot_type": "Sunday", "booking_date": "2026-05-19"}}, {"model": "attendance.compensationbooking", "pk": 3, "fields": {"student": 67, "parent": 23, "slot_type": "Saturday", "booking_date": "2026-05-24"}}, {"model": "attendance.compensationbooking", "pk": 4, "fields": {"student": 67, "parent": 23, "slot_type": "Saturday", "booking_date": "2026-05-24"}}, {"model": "attendance.compensationbooking", "pk": 5, "fields": {"student": 67, "parent": 23, "slot_type": "Sunday", "booking_date": "2026-05-24"}}, {"model": "attendance.compensationbooking", "pk": 6, "fields": {"student": 67, "parent": 23, "slot_type": "Sunday", "booking_date": "2026-05-24"}}, {"model": "attendance.compensationbooking", "pk": 7, "fields": {"student": 67, "parent": 23, "slot_type": "Saturday", "booking_date": "2026-05-24"}}, {"model": "attendance.compensationbooking", "pk": 8, "fields": {"student": 67, "parent": 23, "slot_type": "Saturday", "booking_date": "2026-05-24"}}, {"model": "attendance.compensationbooking", "pk": 9, "fields": {"student": 67, "parent": 23, "slot_type": "Saturday", "booking_date": "2026-05-24"}}, {"model": "attendance.compensationbooking", "pk": 10, "fields": {"student": 67, "parent": 23, "slot_type": "Saturday", "booking_date": "2026-05-24"}}, {"model": "attendance.compensationbooking", "pk": 11, "fields": {"student": 67, "parent": 23, "slot_type": "Saturday", "booking_date": "2026-05-24"}}, {"model": "attendance.compensationbooking", "pk": 12, "fields": {"student": 67, "parent": 23, "slot_type": "Saturday", "booking_date": "2026-05-24"}}, {"model": "attendance.compensationbooking", "pk": 13, "fields": {"student": 67, "parent": 23, "slot_type": "Saturday", "booking_date": "2026-05-24"}}, {"model": "attendance.compensationbooking", "pk": 14, "fields": {"student": 67, "parent": 23, "slot_type": "Saturday", "booking_date": "2026-05-24"}}, {"model": "attendance.compensationbooking", "pk": 15, "fields": {"student": 67, "parent": 23, "slot_type": "Saturday", "booking_date": "2026-05-24"}}, {"model": "attendance.compensationbooking", "pk": 16, "fields": {"student": 67, "parent": 23, "slot_type": "Saturday", "booking_date": "2026-05-24"}}, {"model": "attendance.compensationbooking", "pk": 17, "fields": {"student": 67, "parent": 23, "slot_type": "Saturday", "booking_date": "2026-05-24"}}, {"model": "attendance.compensationbooking", "pk": 18, "fields": {"student": 67, "parent": 23, "slot_type": "Saturday", "booking_date": "2026-05-24"}}, {"model": "attendance.compensationbooking", "pk": 19, "fields": {"student": 67, "parent": 23, "slot_type": "Saturday", "booking_date": "2026-05-24"}}, {"model": "attendance.compensationbooking", "pk": 20, "fields": {"student": 67, "parent": 23, "slot_type": "Saturday", "booking_date": "2026-05-24"}}, {"model": "attendance.compensationbooking", "pk": 21, "fields": {"student": 52, "parent": 23, "slot_type": "Saturday", "booking_date": "2026-05-24"}}, {"model": "attendance.compensationbooking", "pk": 22, "fields": {"student": 52, "parent": 23, "slot_type": "Saturday", "booking_date": "2026-05-24"}}, {"model": "attendance.compensationbooking", "pk": 23, "fields": {"student": 52, "parent": 23, "slot_type": "Saturday", "booking_date": "2026-05-24"}}, {"model": "attendance.compensationbooking", "pk": 24, "fields": {"student": 68, "parent": 25, "slot_type": "Saturday", "booking_date": "2026-05-25"}}, {"model": "attendance.compensationbooking", "pk": 25, "fields": {"student": 70, "parent": 31, "slot_type": "Saturday", "booking_date": "2026-05-27"}}, {"model": "attendance.compensationbooking", "pk": 26, "fields": {"student": 70, "parent": 31, "slot_type": "Saturday", "booking_date": "2026-05-27"}}, {"model": "attendance.compensationbooking", "pk": 27, "fields": {"student": 70, "parent": 31, "slot_type": "Saturday", "booking_date": "2026-05-27"}}, {"model": "attendance.compensationbooking", "pk": 28, "fields": {"student": 70, "parent": 31, "slot_type": "Saturday", "booking_date": "2026-05-28"}}, {"model": "attendance.compensationbooking", "pk": 29, "fields": {"student": 70, "parent": 31, "slot_type": "Saturday", "booking_date": "2026-05-28"}}]
